{"cameraMode":{"drawMode":0,"name":"Shaded","section":"Shading Mode"},"sceneLighting":false,"audioPlay":false,"sceneViewState":{"m_AlwaysRefresh":false,"showFog":true,"showSkybox":true,"showFlares":true,"showImageEffects":true,"showParticleSystems":true,"showVisualEffectGraphs":true,"m_FxEnabled":true},"in2DMode":false,"pivot":{"x":1.6959303617477418,"y":3.014921188354492,"z":0.1393618881702423},"rotation":{"x":-0.0014636993873864413,"y":0.7180513739585877,"z":-0.6959894299507141,"w":-0.0015108846127986909},"size":5.605366230010986,"orthographic":false}