{"cameraMode":{"drawMode":0,"name":"Shaded","section":"Shading Mode"},"sceneLighting":false,"audioPlay":false,"sceneViewState":{"m_AlwaysRefresh":false,"showFog":true,"showSkybox":true,"showFlares":true,"showImageEffects":true,"showParticleSystems":true,"showVisualEffectGraphs":true,"m_FxEnabled":true},"in2DMode":false,"pivot":{"x":3.5061964988708498,"y":0.46207907795906069,"z":-0.05427861213684082},"rotation":{"x":-0.03888338804244995,"y":-0.8223617672920227,"z":0.5647931098937988,"w":-0.05658223107457161},"size":6.15120792388916,"orthographic":false}